URL,Title,Depth,Parent URL,Outgoing Links,Content Snippet,Extracted Items
https://www.ntvbd.com/,"NTV: Latest Bangla News, Infotainment, Online & Live TV | NTV Online",0,—,804,অ ফ A,অ ফ A | সর্বশেষ | বাংলাদেশ | বিশ্ব | খেলাধুলা
https://www.ntvbd.com/live-tv,এনটিভি সরাসরি সম্প্রচার | NTV Online,1,https://www.ntvbd.com/,114,অ ফ A,অ ফ A | সর্বশেষ | বাংলাদেশ | বিশ্ব | খেলাধুলা
https://www.ntvbd.com/archive,আর্কাইভ | NTV Online,1,https://www.ntvbd.com/,221,অ ফ A,অ ফ A | সর্বশেষ | বাংলাদেশ | বিশ্ব | খেলাধুলা
https://www.ntvbd.com/bangladesh,বাংলাদেশ | NTV Online,1,https://www.ntvbd.com/,353,বাংলাদেশের সাম্প্রতিক ও ব্রেকিং নিউজ এবং সেই সম্পর্কিত ছবি ও ভিডিও দেখতে পাবেন এনটিভি অনলাইনে। Ntv provides latest and updated breaking news about bangladesh politics and current affairs. you can also search ntvbd.com for the latest news on internet.,বাংলাদেশ | অ ফ A | রাজনীতি | সরকার | অপরাধ
https://www.ntvbd.com/world,বিশ্ব | NTV Online,1,https://www.ntvbd.com/,462,"বিশ্বের সর্বশেষ ও আজকের ব্রেকিং খবর। আন্তর্জাতিক, যুক্তরাষ্ট্র, ভারত, পাকিস্তান, এশিয়া, ইউরোপ, আফ্রিকা, আরব বিশ্ব, লাতিন আমেরিকা বিষয়ক খবর। Get the latest ntvbd.com world news from all over the world, features and analysis world news, internatio...",বিশ্ব | অ ফ A | যুক্তরাষ্ট্র | যুক্তরাজ্য | কানাডা
https://www.ntvbd.com/sports,খেলাধুলা | NTV Online,1,https://www.ntvbd.com/,175,"খেলাধুলা, ক্রীড়া। ক্রিকেট, ফুটবল, ক্রিকেট, টেনিস, বিশ্বকাপ, টি-টোয়েন্টি, ইত্যাদি ক্রীড়া ও ক্রীড়া জগৎ বিষয়ক ফিচার।Sports lovers can get all the latest sports news from all over the world at ntvbd.com. Get latest news about sports like cricket, foot...",খেলাধুলা | অ ফ A | ক্রিকেট | ফুটবল | টেনিস
https://www.ntvbd.com/entertainment,বিনোদন | NTV Online,1,https://www.ntvbd.com/,216,"হলিউড, বলিউড, ঢালিউডের ও তারকা জগতের সকল খবর এন টিভি অনলাইন। Get the latest hollywood, bollywood, tollywood, dhallywood news in bangla, ntvbd.com is the source for latest entertainment news and star gossips in bangla. ছবি, শুটিং, মঞ্চ, শিল্পী, নাচ...",বিনোদন | অ ফ A | ঢালিউড | বলিউড | হলিউড
https://www.ntvbd.com/economy,অর্থনীতি | NTV Online,1,https://www.ntvbd.com/,212,"বাংলাদেশ ও বিশ্বের অর্থনৈতিক সংবাদ। অর্থনীতি, লেনদেন, বাজার, সমুদ্রবন্দর, টাকা, বিনিয়োগ, প্রবৃদ্ধি, ইত্যাদি বিষয়ক খবর এন টিভি অনলইনে। Get latest national and international economy news, world business gossip, stock market status from the industry ...",অর্থনীতি | অ ফ A | পোশাকশিল্প | ব্যাংক ও বিমা | পর্যটন ও সেবা
https://www.ntvbd.com/share-market,শেয়ারবাজার | NTV Online,1,https://www.ntvbd.com/,232,শেয়ারবাজার,শেয়ারবাজার | অ ফ A | আর্থিক প্রতিবেদন | লভ্যাংশ | রেকর্ড ডেট
https://www.ntvbd.com/video,ভিডিও | NTV Online,1,https://www.ntvbd.com/,471,ভিডিও,ভিডিও | অ ফ A | নাটক | সিনেমা | বিনোদন
